Word,Count
the,67
will,24
=,22
am,20
i,20
be,14
inside,14
+,13
this,13
if,12
and,11
of,11
in,10
new,10
link,10
then,9
address,9
code,9
here,8
user,8
value,7
with,7
a,7
there,6
below,6
condition,6
query,5
values,5
from,5
password,5
email,5
any,5
mail,5
time,5
to,5
true,4
\"\','"\\,4
by,4
SqlDataAdapter,4
it,4
named,4
after,4
{,4
sending,4
for,3
passing,3
else,3
setisfy,3
use,3
Panel_reset_pwd,3
that,3
/,3
},3
panel,3
column,3
first,3
table,3
at,3
line,2
string[],2
count,2
declaring,2
\Response.Cookies["\a"\].Expires=DateTime.Now.AddDays(-1);\,2
sql,2
parameter,2
uname,2
datatable,2
\int.Parse((Modelname.Text).Trim()),\,2
\user,\,2
user's,2
three,2
sbody,2
models,2
receiever,2
*,2
T1.Text,2
goes,2
(int,2
\cookies(product_name,product_price,username)\,2
into,2
change,2
otherwise,2
go,2
e-mail,2
\Mid="\+\,2
second,2
executing,2
page,2
\SqlDataAdapter("\select\,2
\"\')"\;\,2
entered,2
invalid,2
execution,2
\Session["\username"\].ToString()\,2
is,2
\"\insert\,2
message,2
j,2
data,2
false,2
where,2
database,2
sda,2
Pane_image,2
show,2
gmail,2
\values('"\\,2
display,2
cmd.CommandText,2
execute,2
error,2
using,2
<,2
null;,2
0;,2
T3.Text,2
conn);,2
variable,2
enter,1
i++),1
autogenerated,1
\"\Enter\,1
which,1
mean,1
again,1
valid,1
different,1
evertime,1
DropDownList,1
price.Text,1
Recipient,1
DataTable();,1
\link,if\,1
he,1
tb_employee_with_code,1
try,1
Characters,1
sender's,1
structure,1
\address,\,1
ddl.SelectedValue;,1
\dt.Rows.Add(a[0].ToString(),\,1
two,1
\(Request.Cookies["\a"\]\,1
ddl.DataValueField,1
because,1
one,1
\"\"\;\,1
j++),1
difinning,1
d1.DataBind();,1
images.jpg,1
s,1
image,1
dt,1
remote,1
created,1
server,1
thae,1
!=,1
strArr1,1
design,1
Class1,1
store,1
checking,1
label,1
catching,1
IsBodyHtml,1
updating,1
});,1
strArr.Length;,1
strArr,1
load,1
t,1
\a[1].ToString(),\,1
thar,1
DataColumn[4],1
ddl.DataSource,1
dt8;,1
pdfDoc,1
Summary,1
port,1
last,1
.aspx,1
\uname"\\,1
your,1
DataTable,1
s.Split('|');,1
ddl.DataTextField,1
DataList2.DataSource,1
tags,1
no,1
\Subject,4th\,1
holding,1
Document.SetPageSize(iTextSharp.text.PageSize.A4.Rotate());,1
i'll,1
catch,1
txt_uname.Text's,1
entering,1
null),1
property,1
Repetation,1
Msg,1
\email,code,uname\,1
connection,1
\Convert.ToString(Request.Cookies["\a"\].Value);\,1
Convert.ToInt32(Request.QueryString[id].ToString());,1
clearing,1
DataList2.DataBind();,1
i.ToString());,1
method,1
four,1
Convert.ToString(strArr[i].ToString());,1
</summary>,1
complete,1
sbody.ToString(),1
mail's,1
id,1
changing,1
\DataColumn("\spprice"\),\,1
correct,1
setting,1
dislay,1
declairing,1
see,1
strArr1[j].ToString();,1
<summary>,1
sent,1
only,1
count.ToString();,1
DropDownList();,1
can,1
smtp,1
panels,1
html,1
For,1
\DataColumn("\id"\)\,1
ddl,1
Sender,1
\DataColumn("\spimg"\),\,1
IP,1
\,2nd\,1
txt_email.Text's,1
Clear,1
Document,1
SMTP,1
strArr1.Length;,1
1st,1
parameters,1
valuess,1
these,1
description,1
\quesry,\,1
querystring,1
open,1
his/her,1
dt.Columns.AddRange(new,1
executed,1
avoiding,1
(Convert.ToInt32(a[1].ToString()));,1
3rd,1
or,1
was,1
\DataColumn("\spname"\),\,1
column's,1
class,1
StringBuilder,1
help,1
textbox,1
d1.DataSource,1
number,1
\t.Split(',');\,1
creating,1
\a[2].ToString(),\,1
a[j],1
dt;,1
